{"count":1,"self":96.2265984,"total":368.784185,"children":{"InitializeActuators":{"count":12,"self":0.00091999999999999992,"total":0.00091999999999999992,"children":null},"InitializeSensors":{"count":12,"self":0.00086199999999999992,"total":0.00086199999999999992,"children":null},"AgentSendState":{"count":210717,"self":1.15793,"total":5.5839919999999994,"children":{"CollectObservations":{"count":505728,"self":0.680959,"total":0.680959,"children":null},"WriteActionMask":{"count":505728,"self":0.178974,"total":0.178974,"children":null},"RequestDecision":{"count":505728,"self":0.935445,"total":3.5661289999999997,"children":{"AgentInfo.ToProto":{"count":505728,"self":0.92015799999999992,"total":2.630684,"children":{"GenerateSensorData":{"count":505728,"self":1.710526,"total":1.710526,"children":null}}}}}}},"DecideAction":{"count":210717,"self":258.098432,"total":258.098427,"children":null},"AgentAct":{"count":210717,"self":8.8454655999999989,"total":8.872735,"children":{"AgentInfo.ToProto":{"count":2328,"self":0.009587,"total":0.027268999999999998,"children":{"GenerateSensorData":{"count":2328,"self":0.017682,"total":0.017682,"children":null}}}}}},"gauges":{"3DBall.CumulativeReward":{"count":2328,"max":100.099045,"min":0.100000165,"runningAverage":20.6858673,"value":99.99905,"weightedAverage":100.062469}},"metadata":{"timer_format_version":"0.1.0","start_time_seconds":"1749986140","unity_version":"2023.2.20f1","command_line_arguments":"\/Applications\/Unity\/Hub\/Editor\/2023.2.20f1\/Unity.app\/Contents\/MacOS\/Unity -projectpath \/Users\/megathunderrage\/Downloads\/MLAgents\/Unity-MLAgents -useHub -hubIPC -cloudEnvironment production","communication_protocol_version":"1.5.0","com.unity.ml-agents_version":"3.0.0","scene_name":"3DBall","end_time_seconds":"1749986508"}}